"palette_id","source","source_palette","palette_type","max_n","intended_use","recommended_geometry","recommended_background","status","source_order","priority_order","source_url","source_version","source_commit","source_sha256","citation","license","derived","source_cvd_claim","notes","audit_min_cie2000","audit_min_cie2000_deutan","audit_min_cie2000_protan","audit_min_cie2000_tritan","audit_min_contrast_light","audit_min_contrast_dark","audit_n","audit_basis","audit_method","audit_date"
"okabe_ito","khroma","okabeito","qualitative",8,"cell_identity,sample,condition,highlight","point,fill,line","light,dark","recommended","exact hexadecimal order of the pinned package object","source order with black moved from first to last","https://cran.r-project.org/src/contrib/khroma_1.17.0.tar.gz","khroma 1.17.0",,"40ba0f49e19710453fce918d1e036c4fcb6c7d3a70186236b8ad6b9f777c180f","Okabe and Ito color universal design palette; khroma 1.17.0","GPL (>= 3) (khroma 1.17.0)",TRUE,"Designed for common forms of color-vision deficiency.","Black is moved from first to last in priority order; paired contrast.",21.7236656915615,11.5176322607581,12.2621964343958,11.1330331220972,1.32232791121952,1.20659646059254,8,"stored priority-order reference vector","CIEDE2000 via farver 2.1.2; CVD simulation via colorspace 2.1.3","2026-08-04"
"tol_bright","khroma","bright","qualitative",7,"cell_identity,sample,condition,highlight","point,fill,line","light,dark","recommended","exact hexadecimal order of the pinned package object","same as source order","https://cran.r-project.org/src/contrib/khroma_1.17.0.tar.gz","khroma 1.17.0",,"40ba0f49e19710453fce918d1e036c4fcb6c7d3a70186236b8ad6b9f777c180f","Paul Tol colour schemes; khroma 1.17.0","GPL (>= 3) (khroma 1.17.0)",FALSE,"Designed with color-vision deficiencies in mind.","paired contrast",20.662263841568,14.7326355365291,14.0452535492703,8.65965443679245,1.83619213105712,2.85855470787745,7,"stored priority-order reference vector","CIEDE2000 via farver 2.1.2; CVD simulation via colorspace 2.1.3","2026-08-04"
"tol_vibrant","khroma","vibrant","qualitative",7,"cell_identity,sample,condition,highlight","point,fill,line","light,dark","recommended","exact hexadecimal order of the pinned package object","same as source order","https://cran.r-project.org/src/contrib/khroma_1.17.0.tar.gz","khroma 1.17.0",,"40ba0f49e19710453fce918d1e036c4fcb6c7d3a70186236b8ad6b9f777c180f","Paul Tol colour schemes; khroma 1.17.0","GPL (>= 3) (khroma 1.17.0)",FALSE,"Designed with color-vision deficiencies in mind.","",18.3357500919791,14.4501532966262,13.8142614596292,8.56778777137228,1.91979640921671,3.35580183067978,7,"stored priority-order reference vector","CIEDE2000 via farver 2.1.2; CVD simulation via colorspace 2.1.3","2026-08-04"
"tol_muted","khroma","muted","qualitative",9,"cell_identity,sample,lineage,heatmap_annotation","point,fill,line","light,dark","recommended","exact hexadecimal order of the pinned package object","same as source order","https://cran.r-project.org/src/contrib/khroma_1.17.0.tar.gz","khroma 1.17.0",,"40ba0f49e19710453fce918d1e036c4fcb6c7d3a70186236b8ad6b9f777c180f","Paul Tol colour schemes; khroma 1.17.0","GPL (>= 3) (khroma 1.17.0)",FALSE,"Designed with color-vision deficiencies in mind.","",15.0031779903478,14.0339016463571,11.8259434753511,11.64974566395,1.61812814478058,1.42971342935865,9,"stored priority-order reference vector","CIEDE2000 via farver 2.1.2; CVD simulation via colorspace 2.1.3","2026-08-04"
"tol_medium_contrast","khroma","mediumcontrast","qualitative",6,"condition,sample,highlight","point,fill,line","light,dark","recommended","exact hexadecimal order of the pinned package object","source colors reordered into adjacent light/dark contrast pairs","https://cran.r-project.org/src/contrib/khroma_1.17.0.tar.gz","khroma 1.17.0",,"40ba0f49e19710453fce918d1e036c4fcb6c7d3a70186236b8ad6b9f777c180f","Paul Tol colour schemes; khroma 1.17.0","GPL (>= 3) (khroma 1.17.0)",TRUE,"Designed for medium-contrast color pairs.","Priority order is rearranged for adjacent light/dark pair contrast.",25.0977346021571,20.1503489317898,16.6706300186933,12.0807035402348,1.55966421005554,1.8086938429667,6,"stored priority-order reference vector","CIEDE2000 via farver 2.1.2; CVD simulation via colorspace 2.1.3","2026-08-04"
"glasbey32","Polychrome","glasbey","qualitative",32,"cell_identity,sample,heatmap_annotation","point,fill,line","light,dark","compatibility","exact hexadecimal order of the pinned package object","source order with white moved from first to last","https://cran.r-project.org/src/contrib/Polychrome_1.6.1.tar.gz","Polychrome 1.6.1",,"4213cfb6247b58153d3668ea09a2691e99939cb2618ba322c80f95894acac58c","Glasbey et al. (2007), Color Research and Application 32:304-309; Polychrome 1.6.1","Apache-2.0 (Polychrome 1.6.1)",TRUE,"No universal CVD-safety claim.","Exact Polychrome glasbey object; white is moved from first to last in priority order. High-cardinality distinction decreases as n grows.",10.3670691444246,2.32747649431009,2.626959328228,3.95227117159643,1,1.00249863484316,32,"stored priority-order reference vector","CIEDE2000 via farver 2.1.2; CVD simulation via colorspace 2.1.3","2026-08-04"
"polychrome36","Polychrome","palette36","qualitative",36,"cell_identity,sample,heatmap_annotation","point,fill,line","light,dark","compatibility","exact hexadecimal order of the pinned package object","same as source order","https://cran.r-project.org/src/contrib/Polychrome_1.6.1.tar.gz","Polychrome 1.6.1",,"4213cfb6247b58153d3668ea09a2691e99939cb2618ba322c80f95894acac58c","Coombes et al. (2019), Journal of Statistical Software 90, Code Snippet 1; Polychrome 1.6.1","Apache-2.0 (Polychrome 1.6.1)",FALSE,"No universal CVD-safety claim.","Exact Polychrome palette36 object; combine color with redundant encodings.",6.81632712670782,0.667961823141575,0.438537374642339,3.72493612131312,1.2927355644993,1.95320595371098,36,"stored priority-order reference vector","CIEDE2000 via farver 2.1.2; CVD simulation via colorspace 2.1.3","2026-08-04"
"ditto40","dittoSeq","dittoColors","qualitative",40,"cell_identity,sample,heatmap_annotation","point,fill,line","light,dark","recommended","exact hexadecimal order of the pinned package object","same as source order","https://bioconductor.org/packages/3.23/bioc/src/contrib/dittoSeq_1.24.0.tar.gz","dittoSeq 1.24.0",,"5c08274913e93158a9660507d50f5e79d4facbe01ab745e4fee0cd703e13454e","Bunis et al. (2020), Bioinformatics 36:5535-5536; dittoSeq 1.24.0","MIT (dittoSeq 1.24.0)",FALSE,"Only the first seven are the strongest red-green CVD-aware subset.","Entries 8-40 are grey and lighter/darker extensions; not fully CVD safe.",1.95455075333985,0.792377800726483,0.39221731063941,0.563239350414679,1.18941315958771,1.60227697484558,40,"stored priority-order reference vector","CIEDE2000 via farver 2.1.2; CVD simulation via colorspace 2.1.3","2026-08-04"
"chromatic","scChromatic","chromatic","qualitative",40,"cell_identity,sample,lineage,heatmap_annotation","point,fill,line","light,dark","recommended","deterministically regenerated by data-raw/generate-owned-palettes.R","frozen nested maximin order; each prefix is stable","https://github.com/xie186/scChromatic",,,,"scChromatic package authors","GPL (>= 3)",TRUE,"Perceptually optimized and audited; no universal CVD-safety claim.","Frozen nested maximin sequence generated in HCL with normal/CVD diagnostics.",6.44696971843369,3.7497741554065,3.87929106979529,3.87764582307558,1.73638326902302,2.67719411597057,40,"stored priority-order reference vector","CIEDE2000 via farver 2.1.2; CVD simulation via colorspace 2.1.3","2026-08-04"
"chromatic_balance","scChromatic","chromatic_balance","diverging",256,"signed_score","point,fill,line","light,dark","recommended","deterministically regenerated by data-raw/generate-owned-palettes.R","same as source order","https://github.com/xie186/scChromatic",,,,"Zeileis et al. (2020), Journal of Statistical Software 96:1","GPL (>= 3)",TRUE,"Audited under common CVD simulations; no universal CVD-safety claim.","Frozen HCL-derived anchors generated with colorspace::diverging_hcl; blue is negative, neutral is zero, and red is positive.",9.24861977840617,6.87652142516099,7.11851947345311,9.118483115923,1.12949085942332,2.23733843968498,11,"stored priority-order reference vector","CIEDE2000 via farver 2.1.2; CVD simulation via colorspace 2.1.3","2026-08-04"
"d3_rainbow","D3 Scale Chromatic","interpolateRainbow","cyclic",200,"cell_identity,sample,condition,lineage,heatmap_annotation","point,fill,line","light,dark","compatibility","dynamic D3 samples t = 0:(n - 1) / n; 200-color audit reference stored","same dynamic D3 sample order as source","https://github.com/d3/d3-scale-chromatic/blob/05e76dafaa89059153e177a4f57d9af985ba49a8/src/sequential-multi/rainbow.js","d3-scale-chromatic 1.5.0","05e76dafaa89059153e177a4f57d9af985ba49a8",,"Bostock, d3-scale-chromatic 1.5.0 less-angry rainbow; CELLXGENE categorical color compatibility.","BSD-3-Clause (d3-scale-chromatic); CELLXGENE behavior referenced under MIT",TRUE,"No source CVD-safety claim.","Dynamic compatibility palette sampled at t = 0:(n - 1) / n; the stored 200-color reference is for audit only. CELLXGENE behavior verified at commit 76a39fcf92da57c9e4fd59831ad805a3b007da8c. Cyclic order is not nested, so assignments change when n changes.",0.32964532704514,0,0,0,1.36028921588338,2.46711611343848,200,"stored priority-order reference vector","CIEDE2000 via farver 2.1.2; CVD simulation via colorspace 2.1.3","2026-08-04"
"d3_cool","D3 Scale Chromatic","interpolateCool","sequential",100,"expression,pseudotime,qc","point,fill,line","light,dark","compatibility","100 D3 interpolateCool source bins sampled at t = 0:99 / 100","reverse source order to match CELLXGENE low-to-high data mapping","https://github.com/d3/d3-scale-chromatic/blob/05e76dafaa89059153e177a4f57d9af985ba49a8/src/sequential-multi/rainbow.js","d3-scale-chromatic 1.5.0","05e76dafaa89059153e177a4f57d9af985ba49a8",,"Bostock, d3-scale-chromatic 1.5.0; Niccoli perceptual rainbow; CELLXGENE continuous color compatibility.","BSD-3-Clause (d3-scale-chromatic); CELLXGENE behavior referenced under MIT",TRUE,"No source CVD-safety claim.","Exact 100 source bins sampled at t = 0:99 / 100; priority order is reversed to match CELLXGENE low-to-high data mapping at commit 76a39fcf92da57c9e4fd59831ad805a3b007da8c.",0.32964532704514,0,0,0,1.36616956625351,2.46711611343848,100,"stored priority-order reference vector","CIEDE2000 via farver 2.1.2; CVD simulation via colorspace 2.1.3","2026-08-04"
"viridis","viridisLite","viridis","sequential",256,"expression,pseudotime,qc","point,fill,line","light,dark","recommended","exact 256-color LUT generated by the pinned viridisLite function","same as source order","https://cran.r-project.org/src/contrib/viridisLite_0.4.3.tar.gz","viridisLite 0.4.3",,"433be9bde66234dc76301fb4ffbbc9fc74bab5c14f4548d8ef2fc0065e121ef5","Garnier et al., viridisLite 0.4.3","MIT (viridisLite 0.4.3)",FALSE,"Designed to remain legible under common CVD simulations.","",0,0,0,0,1.26250410955125,1.14217888975488,256,"stored priority-order reference vector","CIEDE2000 via farver 2.1.2; CVD simulation via colorspace 2.1.3","2026-08-04"
"cividis","viridisLite","cividis","sequential",256,"expression,pseudotime,qc","point,fill,line","light,dark","recommended","exact 256-color LUT generated by the pinned viridisLite function","same as source order","https://cran.r-project.org/src/contrib/viridisLite_0.4.3.tar.gz","viridisLite 0.4.3",,"433be9bde66234dc76301fb4ffbbc9fc74bab5c14f4548d8ef2fc0065e121ef5","Garnier et al., viridisLite 0.4.3; Nunez, Anderton, and Renslow (2018)","MIT (viridisLite 0.4.3)",FALSE,"Optimized for common CVD and grayscale viewing.","",0,0,0,0,1.22738350581708,1.0888222984628,256,"stored priority-order reference vector","CIEDE2000 via farver 2.1.2; CVD simulation via colorspace 2.1.3","2026-08-04"
"magma","viridisLite","magma","sequential",256,"expression,pseudotime,qc","point,fill,line","light,dark","recommended","exact 256-color LUT generated by the pinned viridisLite function","same as source order","https://cran.r-project.org/src/contrib/viridisLite_0.4.3.tar.gz","viridisLite 0.4.3",,"433be9bde66234dc76301fb4ffbbc9fc74bab5c14f4548d8ef2fc0065e121ef5","Garnier et al., viridisLite 0.4.3","MIT (viridisLite 0.4.3)",FALSE,"Designed to remain legible under common CVD simulations.","",0.212637655613656,0,0,0,1.05307926408614,1.0003035497201,256,"stored priority-order reference vector","CIEDE2000 via farver 2.1.2; CVD simulation via colorspace 2.1.3","2026-08-04"
"scico_batlow","scico","batlow","sequential",256,"expression,pseudotime,qc","point,fill,line","light,dark","compatibility","exact 256-color LUT generated by pinned scico 1.5.0","same as source order","https://cran.r-project.org/src/contrib/scico_1.5.0.tar.gz","scico 1.5.0; Scientific colour maps 7.0.1",,"647121b3f64118b162a35f9709a301f696239e9a707a04559c0368617c01c9b0","Crameri, Shephard and Heron (2020), Nature Communications 11:5444","MIT (scico 1.5.0); CC BY 4.0 (Scientific colour maps)",FALSE,"Scientific colour maps are perceptually uniform and CVD-aware.","Exact unmodified 256-color LUT generated by scico 1.5.0 and bundled for dependency-free, reproducible interoperability.",0,0,0,0,1.39692636264709,1.06357518694138,256,"stored priority-order reference vector","CIEDE2000 via farver 2.1.2; CVD simulation via colorspace 2.1.3","2026-08-04"
"scico_lajolla","scico","lajolla","sequential",256,"expression,pseudotime,qc","point,fill,line","light,dark","compatibility","exact 256-color LUT generated by pinned scico 1.5.0","same as source order","https://cran.r-project.org/src/contrib/scico_1.5.0.tar.gz","scico 1.5.0; Scientific colour maps 7.0.1",,"647121b3f64118b162a35f9709a301f696239e9a707a04559c0368617c01c9b0","Crameri, Shephard and Heron (2020), Nature Communications 11:5444","MIT (scico 1.5.0); CC BY 4.0 (Scientific colour maps)",FALSE,"Scientific colour maps are perceptually uniform and CVD-aware.","Exact unmodified 256-color LUT generated by scico 1.5.0 and bundled for dependency-free, reproducible interoperability.",0,0,0,0,1.0349373265711,1.00229119865531,256,"stored priority-order reference vector","CIEDE2000 via farver 2.1.2; CVD simulation via colorspace 2.1.3","2026-08-04"
"scico_vik","scico","vik","diverging",256,"signed_score","point,fill,line","light,dark","compatibility","exact 256-color LUT generated by pinned scico 1.5.0","same as source order","https://cran.r-project.org/src/contrib/scico_1.5.0.tar.gz","scico 1.5.0; Scientific colour maps 7.0.1",,"647121b3f64118b162a35f9709a301f696239e9a707a04559c0368617c01c9b0","Crameri, Shephard and Heron (2020), Nature Communications 11:5444","MIT (scico 1.5.0); CC BY 4.0 (Scientific colour maps)",FALSE,"Scientific colour maps are perceptually uniform and CVD-aware.","Exact unmodified 256-color LUT generated by scico 1.5.0 and bundled for dependency-free, reproducible interoperability.",0.164668436388769,0,0,0,1.24644324811125,1.04047060703768,256,"stored priority-order reference vector","CIEDE2000 via farver 2.1.2; CVD simulation via colorspace 2.1.3","2026-08-04"
"scico_broc","scico","broc","diverging",256,"signed_score","point,fill,line","light,dark","compatibility","exact 256-color LUT generated by pinned scico 1.5.0","same as source order","https://cran.r-project.org/src/contrib/scico_1.5.0.tar.gz","scico 1.5.0; Scientific colour maps 7.0.1",,"647121b3f64118b162a35f9709a301f696239e9a707a04559c0368617c01c9b0","Crameri, Shephard and Heron (2020), Nature Communications 11:5444","MIT (scico 1.5.0); CC BY 4.0 (Scientific colour maps)",FALSE,"Scientific colour maps are perceptually uniform and CVD-aware.","Exact unmodified 256-color LUT generated by scico 1.5.0 and bundled for dependency-free, reproducible interoperability.",0.165387068070712,0,0.217298373732114,0,1.16839631690025,1.11927012566097,256,"stored priority-order reference vector","CIEDE2000 via farver 2.1.2; CVD simulation via colorspace 2.1.3","2026-08-04"
